观看,评论,点赞,不赞
3223,434,342,1234
987,323,121,345
123,323,234,1234
3424,34,2343,3435
233,434,11,1234
543,323,1122,345
1231,323,22,1234
3123,34,54,3435
3122,34,1222,3435
233,434,43,1234
234,323,345,345
1231,323,212,1234
3123,34,44,3435
31,34,777,3435
1231,999,222,1234
3123,222,333,3435
31,34,999,3435
233,434,111,1234
123,323,776,345
1231,323,888,1234
3123,34,654,3435
31,34,238,3435
3424,34,2343,3435
233,434,123,1234
543,323,234,345
1231,323,345,1234
3123,34,456,3435
3122,34,678,3435
233,434,789,1234
234,323,890,345
1231,323,901,1234
3123,34,1009,3435
31,34,182,3435
1231,666,222,1234
3123,222,876,3435
31,34,23,3435
233,434,21,1234
123,323,1000,345
1231,323,2222,1234
3123,34,3332,3435
31,34,11,3435
